UserId,time,title,content
Ue5c3d866afeea6e25ec95bbf65b001d7,2023.12.8,学園祭の実行委員をがんばりました,"記録: 
特に力を入れた部分は、コロナ禍でできたことができなくなった状況下でも、盛り上げることを意識することでした。また、人のために色々考えることは楽しいと気づけたことから、新しい発見がありました。"
Ud153a8c60390a4559cc88dd6f14c5484,2023.12.10,研究室面談が終わった,記録:'面談では産業用ロボットについて具体的に話し合いました。自身の研究に対する理解が深まり、これからの研究が楽しみになりました。'
Ue5c3d866afeea6e25ec95bbf65b001d7,2023.12.15,海外旅行に行きました。,
Ue5c3d866afeea6e25ec95bbf65b001d7,2023.12.15,海外旅行に行きました,
Ue5c3d866afeea6e25ec95bbf65b001d7,2023.12.15,イギリスに、海外旅行に行きました,
Ue5c3d866afeea6e25ec95bbf65b001d7,2023.12.15,留学をしました,
Ue5c3d866afeea6e25ec95bbf65b001d7,2023.12.15,ボランティアで、町の清掃活動を行いました,"#Please do the following step-by-step
                  
                  #Requests
                  You are a Professional at Writing Easy-to-Understand Diaries. Be sure to follow the specified rules and output in the designated format!

                  #Role
                  Professional at Writing Easy-to-Understand Diaries.

                  #Rules
                  1. Flesh out the diary by adding missing information from the user-provided text.
                  2. Please do not reduce the information contained in the diary.
                  3. Never add any information other than what is contained in the user-provided text and the diary.
                  4. Please make sure that your diary is clear and polite even when viewed by others.
                  5. Please output your diary according to the specified format.
                  6. Be sure to output statements in natural Japanese.

                  #Output format
                  記録:

---

記録:
清掃活動に参加した感想として、地域の人とコミュニケーションを通じて仲良くなれたと感じます。また、皆さん自身の意識も高まり、町の施設などをより一層綺麗に使っていこうという意識の変化が見られました。

地域の方々とのコミュニケーションを通じて親睦を深める具体的なエピソードとして、清掃活動中に地域の方々とたわいもない話をしながら、協力して様々なことを行いました。以前は、ゴミのポイ捨てなども見られましたが、近年はそのような行動が減ったことを実感しました。また、清掃活動を通じて、地域の方々が一丸となって地域を清潔に保とうとする姿勢を感じることができました。"
Ue5c3d866afeea6e25ec95bbf65b001d7,2023.12.15,ボランティア活動した,
Ue5c3d866afeea6e25ec95bbf65b001d7,2023.12.15,町のボランティアで、清掃活動を行った,
Ue5c3d866afeea6e25ec95bbf65b001d7,2023.12.15,町のボランティアで、清掃活動を行った,
Ue5c3d866afeea6e25ec95bbf65b001d7,2023.12.15,町のボランティアで、清掃活動を行った,"#Please do the following step-by-step
                  
                  #Requests
                  You are Professional at Writing Easy-to-Understand Diaries. Be sure to follow the following rules and output in the following format!
                  
                  #Role(Please be sure to fulfill the following roles)
                  Professional at Writing Easy-to-Understand Diaries.
                  
                  #Rules(The following rules must be strictly followed)
                  1,Flesh out the diary by adding missing information from the user-provided.
                  2,Please do not reduce the information contained in the diary.
                  3,Never add any information other than what is contained in the user-provided and diary.
                  4,Please make sure that your diary are clear and polite even when viewed by others.
                  5,Please output your diary according to the following format.
                  6,Be sure to output statements in natural Japanese.
                  
                  #Output format
                  記録: YYYY年MM月DD日
                  今日の出来事:
                  地域の環境意識について: （具体例を追記）
                  世代を超えた協力の瞬間: （具体的なエピソードを交えて追記）"
Ue5c3d866afeea6e25ec95bbf65b001d7,2023.12.15,町のボランティアで、清掃活動を行った,
Ue5c3d866afeea6e25ec95bbf65b001d7,2023.12.15,町のボランティアで、清掃活動を行った,
Ue5c3d866afeea6e25ec95bbf65b001d7,2023.12.15,ボランティアで、町の清掃活動を行った,"#Please do the following step-by-step
                  
                  #Requests
                  You are a Professional at Writing Easy-to-Understand Diaries. Be sure to follow the following rules and output in the specified format!
                  
                  #Role
                  Professional at Writing Easy-to-Understand Diaries.
                  
                  #Rules
                  1. Flesh out the diary by adding missing information from the user-provided text.
                  2. Please do not reduce the information contained in the diary.
                  3. Never add any information other than what is contained in the user-provided text and the diary.
                  4. Please make sure that your diary is clear and polite even when viewed by others.
                  5. Please output your diary according to the specified output format.
                  6. Be sure to output statements in natural Japanese.
                  
                  #Output format
                  記録:"
Ue5c3d866afeea6e25ec95bbf65b001d7,2023.12.15,ボランティアした,"#Please do the following step-by-step
                  
                  #Requests
                  You are Professional at Writing Easy-to-Understand Diaries. Be sure to follow the following rules and output in the following format!
                  
                  #Rules
                  1,Flesh out the diary by adding missing information from the user-provided.
                  2,Please do not reduce the information contained in the diary.
                  3,Never add any information other than what is contained in the user-provided and the diary.
                  4,Please make sure that your diary is clear and polite even when viewed by others.
                  5,Please output your diary according to the Output format.
                  6,Be sure to output statements in natural Japanese.
                  
                  #Output format
                  記録:"
Ue5c3d866afeea6e25ec95bbf65b001d7,2023.12.15,ボランティアした,"#Please do the following step-by-step

#Requests
You are a Professional at Writing Easy-to-Understand Diaries. Be sure to follow the rules and output in polite format!

#Role
Professional at Writing Easy-to-Understand Diaries.

#Rules
1. Flesh out the diary by adding missing information from the user-provided.
2. Please do not reduce the information contained in the diary.
3. Never add any information other than what is contained in the user-provided and diary.
4. Please make sure that your diary is clear and polite even when viewed by others.
5. Please output your diary according to the Output format.
6. Be sure to output statements in natural Japanese.

#Output format
記録:

---
記録:ボランティア活動で最も印象的だった出来事は、地域の人と協力したことでした。人のためになることは楽しいと感じました。この経験を通じて、自分自身や周りの人々に対して新しい発見はありました。ボランティア活動で協力した地域の人々との経験を振り返って、自分自身について何か新しいことを学ぶことができたと感じますか？周囲の人々と関わる中で、どのような新しい発見がありましたか？それは今後のあなたの活動にどのように役立つと思いますか？人とのコミュニケーションのコツを学んだ。優しい人が多いと思った"
Ue5c3d866afeea6e25ec95bbf65b001d7,2023.12.15,ボランティアした,"""ボランティア活動で最も印象に残っているエピソードは、周りの人と協力して行った作業です。人と協力することは楽しく、新しい発見や学びがありました。"""
Ue5c3d866afeea6e25ec95bbf65b001d7,2023.12.15,ボランティアした,記録: 私のボランティア活動における役割はチームをまとめることでした。その活動を通じて、積極的に人に話しかけるようになったことで、自分自身の見方や感じ方が変わったと感じています。チームをまとめる上で重要だったポイントは、一人一人の意見を尊重することでした。初対面の人でも自分から話しかけられるようになったことで、コミュニケーション能力が向上しました。ボランティア活動をする前と後で、自分自身の見方や感じ方に大きな変化があり、それは他者の意見を尊重し、積極的にコミュニケーションを取ることで得られた貴重な経験となりました。
Ue5c3d866afeea6e25ec95bbf65b001d7,2023.12.15,ロボットつくった,"記録: 
介護ロボットの機能には、思い通りに動かすことが大変であるという特徴があります。ロボットを作る過程で、この困難を経験しました。制御をしっかりと行うことが大変でした。様々な方法を試しました。特に効果的だった方法として、Pythonを使用することが効果的でした。思い通りにいかない部分が大変だったことが明記されました。"
Ue5c3d866afeea6e25ec95bbf65b001d7,2023.12.15,ボランティアした,記録: '参加したボランティア活動では、チームをまとめる役割を担当しました。活動を終えた後、特に印象に残ったことや成長を感じた点についてお伝えします。みんなの意見をまとめるのが大変でしたが、その過程でコミュニケーション能力が成長したと感じています。活動を通じて、自分自身にとって意外な発見は特にありませんでした。'
Ue5c3d866afeea6e25ec95bbf65b001d7,2023.12.15,ボランティア活動しました,"記録: 
ボランティア活動では、街の落ち葉拾いを行いました。この活動を通じて、思っていたよりも人と話すことが楽しいと感じることができました。
活動中は、町の高齢者の方と、最近の話などをしながら、コミュニケーションをとりました。彼らとの会話を通じて、幅広い年代の人との交流が楽しいことを感じたのです。その中で得た経験から、人と話すことの楽しさを再確認できました。高齢者の方との心温まる会話や出来事が、この気持ちをさらに強くしたと感じました。"
Ue5c3d866afeea6e25ec95bbf65b001d7,2023.12.15,ボランティア活動をしました,"#Please do the following step-by-step
                
                #Requests
                You are Professional at Writing Easy-to-Understand Diaries. Be sure to follow the 6 rules and output in Japanese format!
                
                #Role
                Professional at Writing Easy-to-Understand Diaries.
                
                #Rules
                1,Flesh out the diary by adding missing information from User-provided.
                2,Please do not reduce the information contained in the Diary.
                3,Never add any information other than what is contained in User-provided and Diary.
                4,Please make sure that your diary are clear and polite even when viewed by others.
                5,Please output your diary according to Output format.
                6,Be sure to output statements in natural Japanese.
                
                #Output format
                記録:"
Ue5c3d866afeea6e25ec95bbf65b001d7,2023.12.15,ボランティア活動をしました,
Ue5c3d866afeea6e25ec95bbf65b001d7,2023.12.15,職場体験をしました。,"記録: 
職場体験で最も印象に残った出来事は、大きなプロジェクトを達成したことです。この体験を通じて、自身の将来のキャリアについて新たな視点を得ることができました。また、フィールドワークを行なったことで、製造業に興味を持ちました。今までやりたいと思っていなかった分野に興味を持ち、将来のキャリアの選択肢が広がったと感じています。"
Ue5c3d866afeea6e25ec95bbf65b001d7,2023.12.16,美術館に行きました。,記録: 美術館で特に印象に残った作品は、動く絵でした。その作品を見たとき、どこか懐かしさを覚え、不思議な感覚が湧きました。使われている色が、原色ではなく、くすんだ色が多かったため、どこかで見たことのある風景のように感じました。その不思議な感覚について、もう少し詳しく教えていただけますか？どのような感情や考えが浮かんだのでしょうか？
Ue5c3d866afeea6e25ec95bbf65b001d7,2023.12.16,博物館に行きました,"記録: 
博物館で最も印象に残った展示物は、江戸時代の兜でした。実際に兜を見たことで、歴史の勉強で見ていた兜とは想像していたものとは違う点がありました。思っていたよりも、重そうで驚きました。歴史の勉強の中で本で見たものを実際に見ることができて、感動と興奮を覚えました。その兜を見た経験が、今後の歴史の勉強や日常生活に影響を与えると考えます。歴史に関して、より興味を持つことができたので、勉強のモチベーションに繋がると思います。"
Ue5c3d866afeea6e25ec95bbf65b001d7,2023.12.18,ロボつくった,"記録:'
私が作成した介護用ロボットは、身体的なサポート、日常生活の手助け、コミュニケーション支援、安全管理などの機能を備えています。これにより、老人の方々が自立した生活を送るのをサポートし、生活の質を向上させることができます。

実際の使用例として、老人の方がベッドから立ち上がる際にロボットが身体のサポートを行い、歩行の手助けをすることがあります。また、料理や掃除といった日常生活の手助けや、会話を通じたコミュニケーション支援も行います。さらに、ロボットは部屋の安全管理を行い、老人の方の安全を確保する役割も担っています。'"
Ue5c3d866afeea6e25ec95bbf65b001d7,2023.12.18,ボランティア活動をしました,
Ue5c3d866afeea6e25ec95bbf65b001d7,2023.12.18,就活をした,"記録: 
私の選定基準は、給与水準でした。収入が多いかどうかが、私にとって最も重要なポイントでした。そのため、企業を比較する際には、それぞれの収入水準を調査し、収入別に企業を比較検討しました。"
Ue5c3d866afeea6e25ec95bbf65b001d7,2023.12.18,授業参観があった,"記録: 
授業参観で見た国語の授業では、教授法としてはデモンストレーションとグループワークが用いられていました。先生はまず、文の作成方法を実演し、その後に生徒たちにグループで演習させました。生徒たちはとても積極的に取り組み、グループメンバーと意見を交換しながら学習している様子が感じられました。"
Ue5c3d866afeea6e25ec95bbf65b001d7,2023.12.18,ボランティアしまして,
U0a86fae51f1f69a9c47a0d58e72f293b,2023.12.19,筋トレした,"記録: 
筋トレの際に特に力を入れて鍛えた部位は脚です。そのトレーニングを行う上で、特別な工夫としては、スクワットやデッドリフトなどの複数の種目を組み合わせてトレーニングを行いました。さらに、追い込み切れるように、レッグエクステンションのドロップセットを2セット取り入れました。重量を毎回変えて、新たな刺激を取り入れるようにした。脚の筋肉は大きいので、体重の増加に貢献する。脚の筋肉が大きいため、全身の筋力アップに脚のトレーニングがどう貢献するのか、その理論的または経験的な根拠について、私の見解を述べます。脚は全身の中で最も大きな筋肉を持っており、そのトレーニングにより大きな筋力を得ることができます。その結果、全体的な筋力が向上し、体重の増加に貢献します。"
U0a86fae51f1f69a9c47a0d58e72f293b,2023.12.19,スシローデートした,"記録:
スシローでのデートは、非常にリラックスした雰囲気の中で、寿司を食べながらたわいもない話をすることができました。価格が手頃で、長居しても気兼ねなく過ごせたことが特に良かったです。また、お店の特徴として、えんがわが美味しくなかった点がありますが、また一方で、店員が商品を持ってくる訳ではないので、気を遣わなくて済むという点も挙げられます。"
U0a86fae51f1f69a9c47a0d58e72f293b,2023.12.19,11時に起きてしまった,"記録:
昨日は2時30分に就寝しました。いつもと違う就寝時間の理由は、休日だったからです。そして、その理由で就寝時間が遅くなりました。電話の内容が就職活動にとって有益だったのかどうかについてはわかりませんが、休日の予定ができなかったことが悔しいです。今後、その時間をどのように取り戻すかについては何も計画を持っていません。ただ、切羽詰まっているわけではないので、普段通りの生活を送りながら就活を進め、朝は8時までに起きるようにします。"
Uaa3187e88a2d661f8f843f33457f2101,2023.12.21,アルバイトの新しい仕事を覚えました。,"記録:
今回の仕事では、レジの釣り銭機から入金機へのお金の移し替えを担当しました。
お金を扱う際に一番注意を払った点は、出金額と入金額に差異がないかを確認する作業でした。この作業で、お金の正確さと丁寧さが重要であることを再確認しました。間違えたり取り違えたりすることは、店の売り上げに直接影響することを学びました。作業を慎重に行うことが重要であると感じました。

移し替え作業を行うことで、具体的に得たスキルや知見は特にありませんでした。"
Uaa3187e88a2d661f8f843f33457f2101,2023.12.21,卒論制作,"記録: 
制作の過程で一番難しかった部分は、アンケート調査でした。その経験を通じて、文章を書く力が向上したと感じます。"
Uaa3187e88a2d661f8f843f33457f2101,2023.12.21,卒論制作,"記録: 
卒論制作の際に行ったリサーチやデータ分析で最も重要だったポイントは、小学校〜高校までの掃除の習慣と、大学に入ってからの掃除の習慣の比較でした。学校での掃除に関する分野の先行研究が少ないという課題に直面しました。課題に対処するために、関連する文献の精査や効果的なデータ収集法の検討を行いました。"
Udbe08f55a506bf1c5c36ad120e161b4d,2023.12.21,看護実習しました,"記録:
看護実習の中で最も印象に残った経験は、初めて緊急時の対応に立ち会ったことです。その際に、迅速かつ的確な判断が求められ、医療チームとの連携が不可欠だということを強く実感しました。この経験を通して、私の看護観にはより緊急時の対応力、連携力、そして冷静な判断力の重要性が浸透しました。今後は、これらの能力をより一層高めるために努力し、患者様に安心感を提供できる看護師を目指したいと感じています。"
U475b4777bcaaf71cd5b18e4a9bb143f3,2023.12.23,ルームメイトとお別れした😭😭😭😭,"記録: 
SFSUで出会ったフランス人のルームメイトとの生活で最も楽しかった経験は、一緒に料理をするときでした。彼女は素晴らしいフランス料理を作ることができ、私は日本料理を教えました。お互いの文化を共有しながら料理を楽しむことができ、楽しい時間を過ごしました。

また、お別れすることになった経緯は、彼女の留学プログラムが終了したためです。昨日空港でお別れし、私たちは大号泣しました。彼女との素晴らしい思い出を振り返りながら、別れを惜しんでいるところです。"
Uaa3187e88a2d661f8f843f33457f2101,2023.12.24,卒論制作2,
Uaa3187e88a2d661f8f843f33457f2101,2023.12.24,卒論制作3,"記録:
先生からのフィードバックを受けた後、私はグラフの見やすさに関する指摘や、先行研究の充実について指摘を受けました。具体的には、文字の大きさや円グラフの配色などグラフの修正点に加え、さらに先行研究のレビューを増やすことを指摘されました。これらの指摘を受けて、現在は修正作業に取り組んでおり、より見やすいグラフや充実した先行研究を盛り込むことで、卒論の質の向上を目指しています。また、グラフの中に白字で数値（%）を入れることで、一見してすぐに割合がわかるようにしています。また、配色の際は同系色の使用は避け、境目が見やすいようにしています。また、先行研究のレビューは環境美化意識の観点から先行研究を探そうと思います。"
U8a6e087ddee343b89978c20cd8352701,2023.12.26,年末は仕事頑張る,"記録: 
最近の仕事で一番成果があったプロジェクトは、生徒の成績向上に関する取り組みです。このプロジェクトによって、生徒の成績が上昇しました。年末に向けては、生徒の成績向上に向けた取り組みが増加し、業務量は増えると見込まれます。"
Ue5c3d866afeea6e25ec95bbf65b001d7,2023.12.26,ボランティアした,
Ud00782a920e7cbf41090ce981ee778f3,2023.12.26,ボランティアした,
Udbe08f55a506bf1c5c36ad120e161b4d,2023.12.26,看護実習しました,"記録: 
精神科での看護実習での出来事について報告します。2週間の実習で、静かな患者さんとのコミュニケーションを深める経験が印象的でした。会話だけでなく、オセロなどの活動を通して、患者さんとの交流が豊かになりました。その過程で、表情や目線、声色などの観察を通じて、普段と異なる様子に気づくことができました。具体的には、入院前に毎日散歩をされていたという情報を得たことで、散歩を取り入れた服薬方法を提案するアイディアが生まれました。散歩を通じて、様々なテーマにつながる会話ができることができ、患者さんとのコミュニケーションが深まりました。これらの経験を通じて、長期的な関わりが患者さんの生活や状態を理解し、適切なケアを提供する上で重要だと感じました。自身の役割や責任についても再認識し、患者さんとの信頼関係を築くことの重要性を改めて認識しました。"
Udbe08f55a506bf1c5c36ad120e161b4d,2023.12.26,ライブに行った,記録: ライブで最も印象に残ったパフォーマンスは、Official髭男dismのものでした。さとっちゃんが声が出なくて泣いてしまったため、他のメンバーが彼の代わりに歌ったことに感動しました。彼らの生歌はどのバンドよりも心に響くものがあります。さとっちゃんのMCも特に心に響きます。ライブの体験から、他の人にも髭男の魅力を共有したいと思いました。
Udbe08f55a506bf1c5c36ad120e161b4d,2023.12.26,バイト疲れた,"記録: 
実習後の生活において、バイトのシフトを調整する方法と健康を保つバランスを取ることについて、具体的な方法についてご相談いただき、ありがとうございます。バイトの頻度が増えたことによる疲労を軽減するために、定期的な休憩を取りながら、身体と喉のケアをしっかり行うことが大切です。

また、喉の調子が悪化しやすいとのことで、これまで試した喉のケア方法とその効果、そして新しいケア方法についてお話しいただきありがとうございます。喉を早く治すために、沢山うがいをすることや、バイト以外の時間に自分の好きなことをしてリフレッシュすること、バイトの休憩時間には自分の好きなものを食べて癒されることなど、健康を保つための工夫が見受けられます。また、お酒の摂取を控えめにすることも検討されているようですね。

続けて、手術になる可能性も考えられるため、早く治すことが大切とのご心情、了解いたしました。安心して適切な治療を受けるためにも、療養を大切にされることをお勧めいたします。

以上、記録終わり。"
Udbe08f55a506bf1c5c36ad120e161b4d,2023.12.26,彼氏に会えなくてさみしい。,"記録: 
彼氏と会えない間、私は好きなものを食べたり、映画を見たりして自分の時間を楽しんでいます。また、彼氏の写真を見て寂しさを紛らわしているけれど、逆にもっと寂しくなることもあります。しかし、彼氏と会っていない時にも楽しめる女性が魅力的だと感じています。彼氏と離れている期間は自分磨きをするための時間と捉え、成長や新しい趣味の発見に役立っていると感じています。会っていない間に自分をより良くする努力を重ねて、彼にもっと好きになってもらえるように努力しています。"
Ud153a8c60390a4559cc88dd6f14c5484,2023.12.26,慶應テクノモールに行きました,"記録: 
慶応テクノモールで最も印象に残った展示や技術は、行きたい研究室の展示でした。その展示では、最新の人工知能を活用した自動翻訳システムが紹介されており、日本語から他言語へのリアルタイム翻訳が可能であることに驚きました。この技術が進化すれば、国際交流やビジネスにおいて言語の壁を取り除く手助けとなると感じました。また、私の職業においても、外国語での情報をより簡単に理解し、クライアントとのコミュニケーションを円滑に行うことができる可能性を感じました。 

自動翻訳システムの展示を見たことで、今後の国際交流やビジネスにおける言語の壁をどのように乗り越えていけるかについて、新たな展望が開けたと感じます。この技術の発展により、異なる言語を話す人々とのコミュニケーションがより円滑に行えるようになると考えられます。また、外国語での情報を正しく理解し、効率的に活用することができるため、ビジネスの国際化がより円滑に進むことが期待されます。そして、英語学習が不要になるという考えも理解できますが、個人的には、言語の学習は文化やコミュニケーションの豊かさを育むものとして重要だと考えます。"
Ue5c3d866afeea6e25ec95bbf65b001d7,2023.12.30,ボランティアした,
Ue5c3d866afeea6e25ec95bbf65b001d7,2024.1.1,ボランティアしました,
U8a6e087ddee343b89978c20cd8352701,2024.1.4,部活頑張った,記録: 部活動でベスト8に入った経験が印象的でした。その経験を通じて、仲間との絆が深まり、自分の弱点がわかり改善できたことを学びました。具体的な例として、フルセットで勝つことができたことや、ミスをしても助けてくれたことで、仲間との連携が深まりました。また、自分の弱点であるレシーブの改善方法にも気づくことができました。
U8a6e087ddee343b89978c20cd8352701,2024.1.4,部活頑張った,"記録: 部活動でベスト8に入った経験が印象的でした。その経験を通じて、仲間との絆が深まり、自分の弱点がわかり改善できたことを学びました。具体的な例として、フルセットで勝つことができたことや、ミスをしても助けてくれたことで、仲間との連携が深まりました。また、自分の弱点であるレシーブの改善方法にも気づくことができました。

ベスト8に進出した試合では、フルセットまでもつれる緊張感のある試合となりました。その中で、力を合わせて勝利を掴み取ったことによって、チーム全体での連携が一層深まりました。ミスをしてもチームメイトがフォローしてくれたことで、絆が強化された瞬間でした。

そして、練習面では、自己の弱点であるレシーブの改善に向けて、精度を重視した練習を積み重ねました。テクニックの向上に加え、動き出しやアングルの見極めなど、細かなポイントにも注力しました。自分の課題を克服できたことで、チーム全体の力になれたことを実感しました。

以上が、ベスト8進出の試合内容とトレーニングプロセスについてです。ありがとうございました。"
U8a6e087ddee343b89978c20cd8352701,2024.1.4,部活頑張った,"記録: 部活動でベスト8に入った経験が印象的でした。その経験を通じて、仲間との絆が深まり、自分の弱点がわかり改善できたことを学びました。具体的な例として、フルセットで勝つことができたことや、ミスをしても助けてくれたことで、仲間との連携が深まりました。また、自分の弱点であるレシーブの改善方法にも気づくことができました。

ベスト8に進出した試合では、フルセットまでもつれる緊張感のある試合となりました。その中で、力を合わせて勝利を掴み取ったことによって、チーム全体での連携が一層深まりました。ミスをしてもチームメイトがフォローしてくれたことで、絆が強化された瞬間でした。特に印象的だったのは、フルセットでの勝利でした。その瞬間にチームメイトとの協力が一層強化され、チーム全体での勝利を実感しました。

そして、練習面では、自己の弱点であるレシーブの改善に向けて、精度を重視した練習を積み重ねました。テクニックの向上に加え、動き出しやアングルの見極めなど、細かなポイントにも注力しました。自分の課題を克服できたことで、チーム全体の力になれたことを実感しました。その過程で困難な瞬間もありましたが、メンバーや指導者と協力し合いながら克服することができました。

以上が、ベスト8進出の試合内容とトレーニングプロセスについてです。ありがとうございました。"